Resource Name,Street Address,Zip Code,Council District,Resource Type,Program Name,Age Population,Website
Carnegie Library - Allegheny,1230 Federal Street,15212,1,Library,"""Storytime: Baby and Toddler Snugglebugs""",Ages 18m-3,https://www.carnegielibrary.org/clp_location/allegheny/
Carnegie Library - Beechview,1910 Broadway Avenue,15216,2,Library,"""Storytime: Preschool Pals""",Ages 3-5,https://www.carnegielibrary.org/clp_location/beechview/
Carnegie Library - Brookline,708 Brookline Boulevard,15226,4,Library,"""Storytime: Toddler and Preschool Tales""",Ages 18m-5,https://www.carnegielibrary.org/clp_location/brookline/
Carnegie Library - Carrick,1811 Brownsville Road,15210,4,Library,General Early Literacy Resources,Ages 0-5,https://www.carnegielibrary.org/clp_location/carrick/
Carnegie Library - Downtown & Business,612 Smithfield Street,15222,6,Library,"""Storytime: Family Fun""",Ages 0-5,https://www.carnegielibrary.org/clp_location/downtown-business/
Carnegie Library - East Liberty,130 S. Whitfield Street,15206,9,Library,"""Storytime: Family Fun""",Ages 2-5,https://www.carnegielibrary.org/clp_location/east-liberty/
Carnegie Library - Hazelwood,5006 Second Avenue,15207,5,Library,"""Storytime: Preschool Pals""",Ages 3-5,https://www.carnegielibrary.org/clp_location/hazelwood/
Carnegie Library - Hill District,2177 Centre Avenue,15219,6,Library,General Early Literacy Resources,Ages 0-5,https://www.carnegielibrary.org/clp_location/hill-district/
Carnegie Library - Homewood,7101 Hamilton Avenue,15208,9,Library,"""Storytime: Baby and Me""",Ages 0-18m,https://www.carnegielibrary.org/clp_location/homewood/
Carnegie Library - Knoxville,400 Brownsville Road,15210,3,Library,"""Storytime: Family Fun""",Ages 0-5,https://www.carnegielibrary.org/clp_location/knoxville/
Carnegie Library - Lawrenceville,279 Fisk Street,15201,7,Library,"""Storytime: Family Fun""",Ages 0-5,https://www.carnegielibrary.org/clp_location/lawrenceville/
Carnegie Library - Library for the Blind and Physically Handicapped,4724 Baum Blvd.,15213,7,Library,General Early Literacy Resources,Ages 0-5,https://www.carnegielibrary.org/clp_location/library-for-the-blind-and-physically-handicapped/
Carnegie Library - Main (Oakland),4400 Forbes Avenue,15213,8,Library,"""Preschool Explorers""",Ages 3-5,https://www.carnegielibrary.org/clp_location/main-oakland/
Carnegie Library - Mt. Washington,315 Grandview Avenue,15211,2,Library,"""Storytime: Toddler and Preschooler Tales""",Ages 18m-5,https://www.carnegielibrary.org/clp_location/mt-washington/
Carnegie Library - Sheraden,720 Sherwood Avenue,15204,2,Library,"""Storytime: Terrific Tales for Toddlers""",Ages 18m-3,https://www.carnegielibrary.org/clp_location/sheraden/
Carnegie Library - South Side,2205 East Carson Street,15203,3,Library,"""Storytime: Toddler and Preschool Tales""",Ages 18m-5,https://www.carnegielibrary.org/clp_location/south-side/
Carnegie Library - Squirrel Hill,5801 Forbes Avenue,15217,5,Library,"""Storytime: Family Fun""",Ages 0-5,https://www.carnegielibrary.org/clp_location/squirrel-hill/
Carnegie Library - West End,47 Wabash Street,15220,2,Library,"""Little Learners""",Ages 0-5,https://www.carnegielibrary.org/clp_location/west-end/
Carnegie Library - Woods Run,1201 Woods Run Avenue,15212,1,Library,"""Storytime: Toddler and Preschooler Tales""",Ages 18m-5,https://www.carnegielibrary.org/clp_location/woods-run/
Homewood's Children's Village,801 N Homewood Avenue,15208,9,Resource Center,"""Baby Promise""",Ages 0-5,http://hcvpgh.org/
Children's Museum of Pittsburgh,10 Children's Way,15213,1,Museum,"""Tots""",Ages 0-5,https://pittsburghkids.org/education/tots
Pittsburgh Parks Conservancy,45 South 23rd St,15203,3,Nature,"""Nature School""",Ages 3-5,http://www.pittsburghparks.org/
Jewish Community Center (JCC) Squirrel Hill,5738 Forbes Avenue,15217,5,Resource Center,"""My Baby and Me""",Ages 0-5,http://jccpgh.org/early-childhood/baby/
Phipps Conservatory & Botanical Gardens,One Schenley Park,15213,5,Nature,"""Story Time Wednesdays""",Ages 0-5,https://phipps.conservatory.org/classes-and-programs/for-children/discovery-programs/
Waterworks Mall Barnes & Noble,926 Freeport Road,15238,9,Bookstore,"""Toddler Storytime""",Ages 0-5,http://stores.barnesandnoble.com/store/2898/
The Homewood Early Learning Hub,7219 Kelly St,15208,9,Resource Center,"""Raising Readers""",Ages 0-5,http://www.paeyc.org/hub
The Hazelwood Early Learning Hub,5006 Second Avenue,15207,5,Resource Center,"""Come Play! Program""",Ages 0-5,http://www.paeyc.org/hub
Venture Outdoors,33 Terminal Way,15219,3,Nature,"""Tyke Hikes""",Ages 0-5,http://www.ventureoutdoors.org/family/
Learning Express Bakery Square,172 Bakery Square Blvd,15206,9,Bookstore,"""Storytime""",Ages 2-5,https://learningexpress.com/store/bakerysquare/
Sarah Heinz House,1 Heinz St,15212,1,Resource Center,"""Preschool and Tots""",Ages 2-5,http://www.sarahheinzhouse.org/programs/preschool-tots/
Pittsburgh Zoo Wildlife Academy,One Wild Place,15206,7,Nature,"""Wildlife Academy""",Ages 2-5,http://www.pittsburghzoo.org/Education/wildlifeacademy
Reading Is Fundamental (RIF) Pittsburgh,10 Children's Way #300,15213,1,Resource Center,"""Books for Keeps""",Ages 0-5,http://www.rifpittsburgh.org/
Carnegie Museum of Art,4400 Forbes Avenue,15213,8,Museum,"""Preschool Summer Camps""",Ages 3-5,http://cmoa.org/
Carnegie Museum of Natural History,4400 Forbes Avenue,15213,8,Museum,"""Super Science Fridays""",Ages 3-5+,http://www.carnegiemnh.org/programs/superscience/
Carnegie Science Center,One Allegheny Ave,15212,6,Museum,"""Munchkin Mondays""",Ages 2-6,http://www.carnegiesciencecenter.org/programs/preschool-adventures-munchkin-mondays/
